Title,Sku,Type,Update Barcode
Diesel Women's Ursula Gunmetal Ion Plated Stainless Steel Two-Tone Dial Watch DZ5430,DZ-DZ5430,No Variants,598491515152
HUSH PUPPIES MEN'S BLACK LEATHER STRAP WATCH HP.3465M.2502,HU-3465M.2502,No Variants,4711871413146
HUSH PUPPIES MEN'S BROWN LEATHER WATCH HP.3600M.2522,HU-3600M.2522,No Variants,4711871416956
HUSH PUPPIES MEN'S DIGITAL CHRONOGRAPH CHRONOGRAPH WATCH HP.6694M.1506,HU-6694M.1506,No Variants,4711871414273
HUSH PUPPIES MEN'S GREY DIAL BLACK GENUINE LEATHER  WATCH HP.7054M.2508,HU-7054M.2508,No Variants,4711871415171
HUSH PUPPIES MEN'S STAILESS STEEL BLUE LEATHER STRAP WATCH HP.3362M.2503,HU-3362M.2503,No Variants,4711871411746
HUSH PUPPIES MEN'S WATCH HP.3309M.2522,HU-3309M.2522,No Variants,4711871411333
HUSH PUPPIES MEN'S WATCH HU-3259M.1502,HU-3259M.1502,No Variants,4711871411166
HUSH PUPPIES MEN'S WATCH HU-3309M.2502,HU-3309M.2502,No Variants,4711871411302
HUSH PUPPIES MEN'S WATCH HU-7083M.2502,HU-7083M.2502,No Variants,4711871416291
HUSH PUPPIES MEN'SCHARCOAL BLACK DIAL SILICON STRAP WATCH HP.3677M.2518,HU-3670M.9502,No Variants,4711871417373
HUSH PUPPIES WHITE RUBBER STRAP AND ROSE GOLD TONE CASE MENS WATCH HP.3542M02.9506,HU-3542M02.9506,No Variants,4711871415010
TECHNOMARINE CRUISE CERAMIC WHITE DIAL LADIES WATCH 110022C,TE-110022C,No Variants,7640133232829
WENGER WHITE DIAL DATE SAPPHIRE CRYSTAL TWO-TONE MEN'S WATCH 73117,WE-73117,No Variants,29621731179
FMD by Fossil Lady's 3-Hand Analog FMDCT467A,FM-CT466A,No Variants,713717749666
Fossil CH2952 DEL REY CHRONOGRAPH TAN LEATHER WATCH,FS-CH2952,No Variants,713717749673
Diesel DZ4321I Analog Watch,DZ-DZ4321I,No Variants,698615100743
MULCO Titan White Dial Black and White Silicone Men's Watch MW5-1836-028,MU-MW5-1836-028,No Variants,MW5-1836-028
HUSH PUPPIES WOMEN'S WATCH HU-3192L.2512,HU-3192L.2512,No Variants,4711871410855
HUSH PUPPIES WOMEN'S WATCH HP.3217M.1514,HU-3217M.1514,No Variants,4711871410947
HUSH PUPPIES MEN'S WATCH HP.3259M.1503,HU-3259M.1503,No Variants,4711871411173
HUSH PUPPIES MEN'S WATCH HP.3293L.1502,HU-3293L.1502,No Variants,4711871411203
HUSH PUPPIES MEN'S WATCH HP.3293M.1502,HU-3293M.1502,No Variants,4711871411258
HUSH PUPPIES MEN'S WATCH,HU-3293M.1521,No Variants,4711871411289
HUSH PUPPIES MEN'S WATCH HP.3316M.2517,HU-3316M.2517,No Variants,4711871411425
HUSH PUPPIES MEN'S WATCH HP.3330M.2503,HU-3330M.2503,No Variants,4711871411456
HUSH PUPPIES MEN'S WATCH 3330M.2517,HU-3330M.2517,No Variants,4711871411463
HUSH PUPPIES MEN'S WATCH HP.3330M.2522,HU-3330M.2522,No Variants,4711871411470
HUSH PUPPIES WOMEN'S WATCH HP.3355L.1502,HU-3355L.1502,No Variants,4711871411692
HUSH PUPPIES WOMEN'S WATCH HP.3355L.1522,HU-3355L.1522,No Variants,4711871411722
HUSH PUPPIES MEN'S WATCH HP.3366M.1502,HU-3366M.1502,No Variants,4711871411760
HUSH PUPPIES MEN'S WATCH HU-3366M.1506,HU-3366M.1506,No Variants,4711871411777
HUSH PUPPIES MEN'S WATCH HP.3366M.1517,HU-3366M.1517,No Variants,4711871411784
HUSH PUPPIES MEN'S WATCH HP.3378M.2517,HU-3378M.2517,No Variants,4711871411807
HUSH PUPPIES MEN'S WATCH HU-3378M.2522,HU-3378M.2522,No Variants,4711871411814
HUSH PUPPIES WOMEN'S WATCH HU-3385L.1502,HU-3385L.1502,No Variants,4711871411821
HUSH PUPPIES WOMEN'S WATCH HP.3385L.1503,HU-3385L.1503,No Variants,4711871411838
HUSH PUPPIES MEN'S WATCH HP.3387M.1522,HU-3387M.1522,No Variants,4711871414884
HUSH PUPPIES WOMEN'S WATCH HP.3459L.2503,HU-3459L.2503,No Variants,4711871412576
HUSH PUPPIES MEN'S WATCH HP.3459M.2520,HU-3459M.2520,No Variants,4711871412637
HUSH PUPPIES WOMEN'S WATCH HP.3516L.1505,HU-3516L.1505,No Variants,4711871413276
HUSH PUPPIES WOMEN'S WATCH HP.3517L.1502,HU-3517L.1502,No Variants,4711871413290
HUSH PUPPIES WOMEN'S WATCH HP.3517L.1514,HU-3517L.1514,No Variants,4711871413313
HUSH PUPPIES WOMEN'S WATCH HP.3517L.1522,HU-3517L.1522,No Variants,4711871413337
HUSH PUPPIES MEN'S WATCH HP.3521M.9502,HU-3521M.9502,No Variants,4711871413436
HUSH PUPPIES MEN'S WATCH HP.3521M.9503,HU-3521M.9503,No Variants,4711871413443
HUSH PUPPIES WOMEN'S WATCH HU-HP.3540L00.1502,HU-3540L00.1502,No Variants,4711871415232
HUSH PUPPIES MEN'S WATCH HP.3568M01.1522,HU-3568M01.1522,No Variants,4711871415331
HUSH PUPPIES MEN'S WATCH HU-3570M.9501,HU-3570M.9501,No Variants,4711871415959
HUSH PUPPIES MEN'S WATCH HU-3570M.9501,HU-3570M.9501,No Variants,4711871415959
HUSH PUPPIES WOMEN'S WATCH HP.3575L.1502,HU-3575L.1502,No Variants,4711871415461
HUSH PUPPIES WOMEN'S WATCH HP.3575L.1516,HU-3575L.1516,No Variants,4711871415485
HUSH PUPPIES MEN'S WATCH HP.3599M.1522,HU-3599M.1522,No Variants,4711871415638
HUSH PUPPIES MEN'S WATCH HP.3601M.2517,HU-3601M.2517,No Variants,4711871415669
HUSH PUPPIES WOMEN'S WATCH HU-3602L.2502,HU-3602L.2502,No Variants,4711871415683
HUSH PUPPIES MEN'S WATCH HP.3603M.1517,HU-3603M.1517,No Variants,4711871415751
HUSH PUPPIES WOMEN'S WATCH HP.3624L02.2522,HU-3624L02.2522,No Variants,4711871417014
HUSH PUPPIES WOMEN'S WATCH HP.3626L.1512,HU-3626L.1512,No Variants,4711871416123
HUSH PUPPIES WOMEN'S WATCH HP.3626L.1513,HU-3626L.1513,No Variants,4711871416116
HUSH PUPPIES MEN'S WATCH HP.3628M.2508,HU-3628M.2508,No Variants,4711871416161
HUSH PUPPIES MEN'S WATCH HP.3661M.2502,HU-3661M.2502,No Variants,4711871417045
HUSH PUPPIES WOMEN'S WATCH,HU-3662L.2502,No Variants,4711871417076
HUSH PUPPIES WOMEN'S WATCH HP.3662L.2511,HU-3662L.2511,No Variants,4711871417083
HUSH PUPPIES WOMEN'S WATCH HU-3662L.2515,HU-3662L.2515,No Variants,4711871417090
HUSH PUPPIES WOMEN'S WATCH HU-3662L01.2501,HU-3662L01.2501,No Variants,4711871417106
HUSH PUPPIES WOMEN'S WATCH HU-3667L.1502,HU-3667L.1502,No Variants,4711871417144
HUSH PUPPIES MEN'S WATCH HP.6039M.1517,HU-6039M.1517,No Variants,4711871413900
HUSH PUPPIES MEN'S CHRONOGRAPH WATCH HP.6044M.2502,HU-6044M.2502,No Variants,4711871413955
HUSH PUPPIES MEN'S CHRONOGRAPH WATCH HP.6044M.2521,HU-6044M.2521,No Variants,4711871413979
HUSH PUPPIES MEN'S CHRONOGRAPH WATCH HP.6047M.1522,HU-6047M.1522,No Variants,4711871414020
HUSH PUPPIES MEN'S CHRONOGRAPH WATCH HP.6049M01.2502,HU-6049M01.2502,No Variants,4711871415065
HUSH PUPPIES MEN'S WATCH HP.6053M.1502,HU-6053M.1502,No Variants,4711871415867
HUSH PUPPIES MEN'S WATCH HP.6053M.1507,HU-6053M.1507,No Variants,4711871415874
HUSH PUPPIES MEN'S CHRONOGRAPH WATCH,HU-6060M.1501,No Variants,4711871416246
HUSH PUPPIES MEN'S CHRONOGRAPH WATCH,HU-6060M.1502,No Variants,4711871417632
HUSH PUPPIES MEN'S CHRONOGRAPH CHRONOGRAPH WATCH,HU-6613M.2522,No Variants,4711871414044
HUSH PUPPIES MEN'S CHRONOGRAPH WATCH HP.6693M.1506,HU-6693M.1506,No Variants,4711871414242
HUSH PUPPIES MEN'S CHRONOGRAPH WATCH HP.6693M.1517,HU-6693M.1517,No Variants,4711871414259
HUSH PUPPIES MEN'S DIGITAL CHRONOGRAPH CHRONOGRAPH WATCH HP.6694M.1521,HU-6694M.1521,No Variants,4711871414280
HUSH PUPPIES MEN'S WATCH HP.7028M.2522,HU-7028M.2522,No Variants,4711871414426
HUSH PUPPIES MEN'S WATCH,HU-7036M.2502,No Variants,4711871414518
HUSH PUPPIES MEN'S WATCH HP.7036M.2522,HU-7036M.2522,No Variants,4711871414549
HUSH PUPPIES MEN'S WATCH HP.7044M.1506,HU-7044M.1506,No Variants,4711871414563
HUSH PUPPIES MEN'S WATCH HP.7045M.1502,HU-7045M.1502,No Variants,4711871415096
HUSH PUPPIES MEN'S WATCH HU-HP.7045M.1503,HU-7045M.1503,No Variants,4711871415102
HUSH PUPPIES MEN'S WATCH HP.7052M.2517,HU-7052M.2517,No Variants,4711871415140
HUSH PUPPIES MEN'S WATCH HP.7052M.2522,HU-7052M.2522,No Variants,4711871415157
HUSH PUPPIES MEN'S WATCH HP.7055M.1503,HU-7055M.1503,No Variants,4711871415515
HUSH PUPPIES MEN'S WATCH HP.7055M.1517,HU-7055M.1517,No Variants,4711871415522
HUSH PUPPIES MEN'S WATCH HP.7065M-2517,HU-7065M-2517,No Variants,4711871415898
HUSH PUPPIES WOMEN'S WATCH HP.7076L01.2501,HU-7076L01.2501,No Variants,4711871415928
HUSH PUPPIES MEN'S WATCH HP.7083M.2504,HU-7083M.2504,No Variants,4711871416307
HUSH PUPPIES MEN'S WATCH HP.7083M.2508,HU-7083M.2508,No Variants,4711871416314
HUSH PUPPIES WOMEN'S WATCH HP.7619L10.2522,HU-7619L10.2522,No Variants,4711871414662
HUSH PUPPIES MEN'S WATCH HP.8581M.1502,HU-8581M.1502,No Variants,4711871417724
SKAGEN skw6100 Analog Watch,SK-skw6100,No Variants,4053858279841
Technomarine TechnoMarine Cruise Chronograph White Dial White Silicone Unisex Watch 110032C 1110032C10033,TE-110033,No Variants,7640133232270
Toy Watch Sartorial Only Time Purple Dial Purple Velvet-covered Leather Ladies Watch PE06VL,TO-PE06VL,No Variants,8033501917494
HUSH PUPPIES WOMEN'S WATCH HP.3459L.2506,HU-3459L.2506,No Variants,4711871412583
HUSH PUPPIES MEN'S WATCH HP.3574M.2522,HU-3574M.2522,No Variants,4711871415454
HUSH PUPPIES WOMEN'S WATCH HP.3602L.2504,HU-3602L.2504,No Variants,4711871415690
HUSH PUPPIES WOMEN'S WATCH HP.3602L.2512,HU-3602L.2512,No Variants,4711871415706
HUSH PUPPIES WOMEN'S WATCH,HU-3619L.1507,No Variants,4711871416970
HUSH PUPPIES WOMEN'S WATCH HU-3619L.1522,HU-3619L.1522,No Variants,4711871416970
HUSH PUPPIES MEN'S WATCH HP.3629M.1517,HU-3629M.1517,No Variants,4711871416208
HUSH PUPPIES WOMEN'S WATCH HU-3667L.1512,HU-3667L.1512,No Variants,4711871417151
HUSH PUPPIES MEN'S CHRONOGRAPH WATCH HP.6042M.2506,HU-6042M.2506,No Variants,4711871413931
HUSH PUPPIES MEN'S WATCH HP.6057M.1517,HU-6057M.1517,No Variants,4711871416277
HUSH PUPPIES WOMEN'S WATCH HP.7017L01.2506,HU-7017L01.2506,No Variants,4711871414365
HUSH PUPPIES MEN'S WATCH HP.7028M.2508,HU-7028M.2508,No Variants,4711871414419
HUSH PUPPIES WOMEN'S WATCH HP.7619L08.2522,HU-7619L08.2522,No Variants,4711871414655
Chronograph Black Dial Black Leather Men's Watch NY1488,DK-NY1488,No Variants,4051432275906
Chronograph Black Dial Black Leather Men's Watch NY1500,DK-NY1500,No Variants,674188222969
DIESEL Double Down Blue Dial Brown Leather Men's Quartz Watch DZ4312,DZ-DZ4312-,No Variants,698615094479
DIESEL Flare Chronograpg Grey Dial Black Leather Unisex Watch DZ5432,DZ-DZ5432,No Variants,698615098774
DIESEL Flare Chronograpg Silver Dial Brown Leather Unisex Watch DZ5433,DZ-DZ5433,No Variants,698615098767
DIESEL Gold Tone Leather Band Ladies Z Back Up Watch DZ5491,DZ-DZ5491,No Variants,698615109227
DIESEL Gold Tone White Leather Band Z Backup Ladies Watch DZ5492,DZ-DZ5492,No Variants,698615109234
DIESEL Ironside Champagne Dial Men's Chronograph Watch DZ4389,DZ-DZ4389,No Variants,713717749055
DIESEL Kray Kray Grey Pyrite Dial Ladies Watch DZ5411,DZ-DZ5411,No Variants,698615094608
DIESEL Kray Kray Mini Ladies Watch DZ5461,DZ-DZ5461,No Variants,698615105243
DIESEL Kray Kray Silver Dial Ladies Watch DZ5446,DZ-DZ5446,No Variants,698615103591
DIESEL Machinus 4 Timezone Dial Black Fabric Strap Men's Watch DZ7358,DZ-DZ7358,No Variants,698615109258
DIESEL Machinus Champange Dial Men's Quartz Watch DZ1735,DZ-DZ1735,No Variants,713717749062
DIESEL Machinus Guntmetal Dial 4 Timezone Men's Watch DZ7360,DZ-DZ7360,No Variants,698615109272
DIESEL Overflow Black Dial Men's Chronograph Watch DZ4373,DZ-DZ4373,No Variants,698615109333
DIESEL Rollcage Exposed Grey and White Dial Men's Watch DZ1717,DZ-DZ1717,No Variants,4053858512634
Diesel Ruki Three Hand black Stainless Steel Watch DZ5483,DZ-DZ5483,No Variants,69861510952
DIESEL Stronghold Silver Dial Blue Denim Men's Watch DZ4345,DZ-DZ4345,No Variants,698615103461
DIESEL TIMEFRAMES AW 16 MENS BLACK DENIM WATCH DZ1742,DZ-DZ1742,No Variants,698615111404
Diesel Ursula Gold-tone with Metallic Leather strap Women Watch DZ5478,DZ-DZ5478,No Variants,698615107346
DIESEL Ursula Square Rose Dial Ladies Watch DZ5425,DZ-DZ5425,No Variants,698615095544
DIESEL Ursula Women's Rose Gold Stainless Steel Chain Watch DZ5429,DZ-DZ5429,No Variants,698615096824
Diesel Watches Women's Ursula Dark Brown Genuine Leather Pink Dial DZ5479,DZ-DZ5479,No Variants,698615107261
Diesel white leather double wrap Kray Kray 22 ladies watch DZ5447,DZ-DZ5447,No Variants,698615103607
Diesel Women's Timeframe Black Leather Watch DZ5498,DZ-DZ5498,No Variants,698615111541
DIESEL WOMEN'S TIMEFRAME BROWN LEATHER WATCH DZ5504,DZ-DZ5504,No Variants,698615113293
Diesel Women's Ursula Gold-Tone Stainless Steel And Dial Watch DZ5431,DZ-DZ5431,No Variants,698615096831
Diesel Women's Ursula Leather Ladies Watch DZ5480,DZ-DZ5480,No Variants,698615107278
DKNY Black Dial Stainless Steel and Ceramic Chrongraph Men's Watch NY1489,DK-NY1489,No Variants,713717749079
DKNY Chronograph Grey Dial Stainless Steel Men's Watch NY8659,DK-NY8659,No Variants,713717749086
Double Down Black Dial Leather Men's Watch DZ1677,DZ-DZ1677,No Variants,698615098583
EDOX CLASSE ROYALE MEN'S WATCH 01504 3 AIN,ED-01504 3 AIN,No Variants,638353706180
EDOX CLASSE ROYALE MEN'S WATCH 01504 357RN NIR,ED-01504 357RN NIR,No Variants,638353706173
EDOX LES BEMONTS MEN'S WATCH 27031 357N NIN,ED-27031 357N NIN,No Variants,638353706234
EDOX LES BEMONTS MEN'S WATCH 72012 357N NIN,ED-72012 357N NIN,No Variants,638353706319
EDOX LES BEMONTS MEN'S WATCH 82005 357N NIN,ED-82005 357N NIN,No Variants,638353706357
ESQ by Movado Men's Catalyst Black Stainless Steel Chronograph Watch 07301452,ES-07301452,No Variants,885997091190
ESQ by Movado Men's Catalyst Stainless Steel Olive Green/ Orange Dial Watch 07301447,ES-07301447,No Variants,885997091084
ESQ by Movado Men's Catalyst' Stainless Steel Chronograph Watch 07301446,ES-07301446,No Variants,885997091077
ESQ MOVADO FUSION WOMEN'S  WATCH 7101404,ES-07101404,No Variants,885997047371
ESQ MOVADO LADIES ORIGIN WATCH WITH GOLD DIAL WATCH 7101408,ES-07101408,No Variants,885997053938
ESQ MOVADO WOMEN'S GOLD ION-PLATED STEEL CASE BRACLET WHITE DIAMOND ACCENTS WATCH 07101416,ES-07101416,No Variants,885997091176
FMD by Fossil Lady's 3-Hand Analog FMDCT465A,FM-CT465A,No Variants,713717748751
FMD by Fossil Lady's 3-Hand Analog FMDCT466A,FM-CT466A,No Variants,713717748768
FMD by Fossil Lady's 3-Hand Analog FMDX203,FM-DX203,No Variants,713717748782
FMD by Fossil Lady's Standard 3-Hand Analog Base Metal Silicone Watch FMDCT407A,FM-CT407A,No Variants,713717748799
FMD by Fossil Men's Standard 3-Hand Digital / Chronograph Watch FMDAW018,FM-AW018,No Variants,638353708764
FMD by Fossil Mens Standard 3-Hand Digital Plastic Watch FMDAW020,FM-AW020,No Variants,713717748805
FMD by Fossil Women's Standard 3-Hand Analog Base Metal Silicone Watch FMDCT408A,FM-CT408A,No Variants,713717748812
FMD by Fossil Women's Standard 3-Hand Analog Base Metal Silicone Watch FMDCT409A,FM-CT409A,No Variants,713717748829
FMD by Fossil Women's Standard 3-Hand Analog Base Metal Silicone Watch FMDX225,FM-DX225,No Variants,713717748836
FMD by Fossil Women's Standard 3-Hand Analog Base Metal Silicone Watch FMDX254,FM-DX254,No Variants,713717748843
FMD by Fossil Women's Standard 3-Hand Analog Base Metal Silicone Watch FMDX255,FM-DX255,No Variants,713717748850
FMD by Fossil Women's Standard 3-Hand Analog Base Metal Silicone Watch FMDX256,FM-DX256,No Variants,713717748867
FMD by Fossil Women's Standard 3-Hand Analog Base Metal Silicone Watch FMDX257,FM-DX257,No Variants,713717748874
FMD by Fossil Women's Standard 3-Hand Analog Base Metal Silicone Watch FMDX258,FM-DX258,No Variants,713717748881
FMD by Fossil Women's Standard 3-Hand Analog Base Metal Silicone Watch FMDX271,FM-DX271,No Variants,713717748898
FMD by Fossil Women's Standard 3-Hand Analog Base Metal Watch FMDX265,FM-DX265,No Variants,713717748904
FMD by Fossil Women's Standard 3-Hand Analog Plastic Watch FMDX268,FM-DX268,No Variants,713717748928
FMD by Fossil Women's Standard 3-Hand Chronograph Plastic Watch FM-CT385,FM-CT385,No Variants,713717748935
FMD by Fossil Women's Standard 3-Hand Chronograph Plastic Watch FMDCT383,FM-CT383,No Variants,713717749093
FMD by Fossil Women's Standard Digital Plastic Watch FMDX253,FM-DX253,No Variants,713717748959
Fossil Black and Silver Dial Chronograph Genuine Leather Mens Watch FS-CH2984,FS-CH2984,No Variants,713717749109
Fossil Breaker Blue Dial Stainless Steel Mens Watch FS-FS5048,FS-FS5048,No Variants,796483168602
Fossil CH2952 DEL REY CHRONOGRAPH TAN LEATHER WATCH,FS-CH2952,No Variants,796483152090
Fossil ES3267 Analog Watch,FS-ES3267,No Variants,796483007895
Fossil ES3854 Georgia Artisan White Dial Sand Leather Quatz Ladies Watch,FS-ES3854,No Variants,796483182110
Fossil FS5131 Machine Beige Dial Brown Leather Chronograph Men's Watch,FS-FS5131,No Variants,796483218505
Fossil Machine Chronograph Brown Leather Men's Watch FS-FS5075,FS-FS5075,No Variants,796483181137
Fossil ME1128 Machine Twist Black Dial Smoke Ion-plated Men's Watch FS-ME1128,FS-ME1128,No Variants,713717749116
FOSSIL MEN'S BQ1163 CLASSIC CHRONOGRAPH WHITE SILICONE WATCH BQ1163,FS-BQ1163,No Variants,796483067561
FOSSIL MEN'S BQ1168 CLASSIC ROUND WHITE LEATHER STRAP WATCH BQ1168,FS-BQ1168,No Variants,796483067615
FOSSIL MEN'S WHITE SILICONE STRAP STAILESS STEEL CASE WATCH BQ1179,FS-BQ1179,No Variants,796483067721
FOSSIL Pink Dusty Rose Leather Ladies Watch BQ1225,FS-BQ1225,No Variants,638353708832
FOSSIL WOMEN'S CARISSA SILVER DIAL YELLOW LEATHER STRAP WATCH BQ1440,FS-BQ1440,No Variants,796483100602
FOSSIL WOMEN'S CE1063 RILEY CHRONOGRAPH BEIGE CERAMIC WATCH CE1063,FS-CE1063,No Variants,691464918644
FOSSIL WOMEN'S CLASSIC PINK LEATHER WATCH BQ1426,FS-BQ1426,No Variants,796483100466
FOSSIL WOMEN'S CLASSIC TONNEAU WHITE LEATHER STRAP STAINLESS STEEL WATCH BQ1211,FS-BQ1211,No Variants,796483065581
HUSH PUPPIES BLACK DIAL WOMEN'S WATCH HP.3573L.1502,HU-3573L.1502,No Variants,4711871415362
HUSH PUPPIES BLACK RUBBER ROSE GOLD CASE MEN'S  WATCH HP.3542M01.9502,HU-3542M01.9502,No Variants,713717749123
HUSH PUPPIES MEN'S BLACK DIAL AND BLACK GENUINE LEAHER WATCH HP.3628M.2502,HU-3628M.2502,No Variants,713717749130
HUSH PUPPIES MEN'S BLACK DIAL GENUINE BLACK LEATHER STRAP WATCH HP.7056.2502,HU-7056m.2502,No Variants,713717749147
HUSH PUPPIES MEN'S BLACK DIAL STAILESS STEEL CHRONOGRAPH WATCH HP.6039M.1502,HU-6039M.1502,No Variants,713717749154
HUSH PUPPIES MEN'S BLACK DIAL STAILESS STEEL WATCH HP.7055M.1502,HU-7055M.1502,No Variants,713717749161
HUSH PUPPIES MEN'S BLACK LEATHER STRAP WATCH HP.3340M.2506,HU-3340M.2506,No Variants,713717749178
HUSH PUPPIES MEN'S BLACK ORANGE DIAL SILICON STRAP  WATCH HP.3670M.9518,HU-3670M.9518,No Variants,713717749185
HUSH PUPPIES MEN'S BLACK RUBBER WATCH HP.3542M00.9502,HU-3542M00.9502,No Variants,713717749192
HUSH PUPPIES MEN'S BLUE DIAL STAILESS STEEL CHRONOGRAPH WATCH HP.6039M.1503,HU-6039M.1503,No Variants,713717749208
HUSH PUPPIES MEN'S CHRONOGRAPH WATCH HU-6039M.1506,HU-6039M.1506,No Variants,713717749215
HUSH PUPPIES MEN'S DARK DIAL STAILESS STEEL WATCH HP.3629M.1502,HU-3629M.1502,No Variants,713717749222
HUSH PUPPIES MEN'S GENUINE BROWN LEATHER STRAP WATCH HP.7056M.2517,HU-7056M.2517,No Variants,713717749239
HUSH PUPPIES MEN'S LEATHER STRAP WATCH HP.3600M.2522,HU-3600M.2502,No Variants,713717749246
HUSH PUPPIES MEN'S NEON GREEN DIAL STAILESS STEEL WATCH WATCH HP.3629M.1511,HU-3629M.1511,No Variants,713717749253
HUSH PUPPIES MEN'S ORBZ ROUND STAILESS STEEL BLUE DIAL LUMINOUS WATCH HP.3606M.1503,HU-3606M.1503,No Variants,713717749260
HUSH PUPPIES MEN'S SILVER DAIL BLACK GENUINE LEATHER WATCH HP.7054M.2522,HU-7054M.2522,No Variants,713717749277
HUSH PUPPIES MEN'S SILVER DIAL BLACK GENUINE LEATHER BAND CHRONOGRAPH WATCH HU-6044M.2522,HU-6044M.2522,No Variants,713717749284
HUSH PUPPIES MEN'S SILVER DIAL STAILESS STEEL WATCH HP.3629M.1522,HU-3629M.1522,No Variants,713717749291
HUSH PUPPIES MEN'S SILVER DIAL STAILESS STEEL WATCH HP.7055M.1522,HU-7055M.1522,No Variants,713717749307
HUSH PUPPIES MEN'S SQUARE SILVER DIAL WATCH HP.3568M00.1522,HU-3568M00.1522,No Variants,713717749314
HUSH PUPPIES MEN'S STAINLESS STEEL WATCH HP.3603M.1501,HU-3603M.1501,No Variants,713717749321
HUSH PUPPIES MEN'S STAINLESS STEEL WATCH HP.3603M.1504,HU-3603M.1504,No Variants,713717749338
HUSH PUPPIES MEN'S TWO-TONE GRAY STAILESS STEEL CHRONOGRAPH WATCH HP.6047M.1502,HU-6047M.1502,No Variants,713717749345
HUSH PUPPIES MEN'S WATCH BLACK BEIGE DIAL SILICON STRAP WATCH HP.3670M.9515,HU-3670M.9515,No Variants,713717749352
HUSH PUPPIES MEN'S WATCH HP.3259M.152,HU-3259M.1521,No Variants,713717749369
HUSH PUPPIES MEN'S WATCH HP.3293L.1521,HU-3293L.1521,No Variants,713717749376
HUSH PUPPIES MEN'S WATCH HP.7067M.9502,HU-7067M.9502,No Variants,713717749383
HUSH PUPPIES MEN'S WATCH HP.7067M.9511,HU-7067M.9511,No Variants,713717749390
HUSH PUPPIES MEN'S WATCH HP.7067M00.9506,HU-7067M00.9506,No Variants,638353706678
HUSH PUPPIES MEN'S WATCH HP.7067M01.9506,HU-7067M01.9506,No Variants,4711871415553
HUSH PUPPIES MEN'S WATCH HP.HP.3603.1502,HU-3603m.1502,No Variants,713717749406
HUSH PUPPIES MEN'S WATCH HU-3340M.2503,HU-3340M.2503,No Variants,713717749413
HUSH PUPPIES MEN'S WATCH HU-3362M.2502,HU-3362M.2502,No Variants,713717749420
HUSH PUPPIES MEN'S WATCH HU-3362M.2522,HU-3362M.2522,No Variants,713717749437
HUSH PUPPIES MEN'S WATCH HU-3542M00.9506,HU-3542M00.9506,No Variants,713717749444
HUSH PUPPIES MEN'S WATCH HU-3568M00.1502,HU-3568M00.1502,No Variants,713717749451
HUSH PUPPIES MEN'S WATCH HU-3628M.2503,HU-3628M.2503,No Variants,713717749468
HUSH PUPPIES MEN'S WATCH HU-3661M.2501,HU-3661M.2501,No Variants,713717749475
HUSH PUPPIES MEN'S WATCH HU-3670M.9509,HU-3670M.9509,No Variants,713717749482
HUSH PUPPIES MEN'S WATCH HU-7083M.2501,HU-7083M.2501,No Variants,713717749499
HUSH PUPPIES MEN'S WHITE DIAL BLACK GENUINE LEATHER STRAP WATCH HP.7056M.2522,HU-7056M.2522,No Variants,713717749505
HUSH PUPPIES MEN'S WHITE DIAL STAINLESS STEEL CHRONOGRAPH WATCH HP.6057M.1501,HU-6057M.1501,No Variants,713717749512
HUSH PUPPIES ORBZ MEN'S QUARTZ BEIGE WATCH HP.3521M.9522,HU-3521M.9522,No Variants,713717749529
HUSH PUPPIES ORBZ MEN'S QUARTZ WATCH HP.3570M.9502,HU-3570M.9502,No Variants,713717749536
HUSH PUPPIES ORBZ MEN'S QUARTZ WATCH HP.3570M.9508,HU-3570M.9508,No Variants,713717749543
HUSH PUPPIES SILVER DIAL BLACK GENUIN LEATHER MEN'S WATCH HP.3628M.2522,HU-3628M.2522,No Variants,713717749550
HUSH PUPPIES TWO TONE STAILESS STEEL MEN'S WATCH HP.3568M01.1502,HU-3568M01.1502,No Variants,713717749567
HUSH PUPPIES WHITE LEATHER BAND GOLD TONE STAILESS STEEL CASE WOMEN'S WATCH HP.3630L.2501,HU-3630L.2501,No Variants,4711871416222
HUSH PUPPIES WOMEN'S BLACK BAND STAINLESS STEEL WATCH WATCH HP.3575L.1522,HU-3575L.1522,No Variants,4711871415492
HUSH PUPPIES WOMEN'S BLACK DIAL BLACK LEATHER STRAP WATCH HP.3612L.2502,HU-3612L.2502,No Variants,4711871415980
HUSH PUPPIES WOMEN'S GOLD TONE STAILESS STEEL MOTHER OF PEARL DIAL WATCH HP.3516L.1501,HU-3516L.1501,No Variants,4711871413276
HUSH PUPPIES WOMEN'S GREEN DIAL BLACK LEATHER STRAP WATCH HP.3612L.2511,HU-3612L.2511,No Variants,4711871415997
HUSH PUPPIES WOMEN'S ORANGE DIAL BLACK LEATHER STRAP WATCH HP.3612L.25118,HU-3612L.2518,No Variants,4711871416000
HUSH PUPPIES WOMEN'S STAINLESS STEEL WHITE DAIL WATCH HP.3573L.1522,HU-3573L.1522,No Variants,4711871415355
HUSH PUPPIES WOMEN'S WATCH HP.3626L.1502,HU-3626L.1502,No Variants,4711871416109
HUSH PUPPIES WOMEN'S WATCH HP.3626L.1522,HU-3626L.1522,No Variants,4711871416130
HUSH PUPPIES WOMEN'S WATCH HU-3612L.2522,HU-3612L.2522,No Variants,4711871416017
HUSH PUPPIES WOMEN'S WHITE LEATHER STRAP WATCH HP.3630L.2507,HU-3630L.2507,No Variants,4711871416239
INVICTA MEN'S GOLD BEZEL PRO DIVER CHRONOGRAPH WATCH 12370,IN-12370,No Variants,886678123704
INVICTA MEN'S PRO DIVER ANALOG DISPLAY BLACK DIAL STAINLESS STEEL CHRONOGRAPH WATCH 15081,IN-15081,No Variants,886678183777
INVICTA MEN'S PRO DIVER ANALOG DISPLAY BLUE DIAL STAINLESS STEEL CHRONOGRAPH WATCH  15082,IN-15082,No Variants,886678183784
INVICTA MEN'S PRO DIVER ANALOG DISPLAY SWISS QUARTS BLUE DIAL STAILESS STEEL CHRONOGRAPH WATCH 14647,IN-14647,No Variants,886678153237
INVICTA MEN'S PRO DIVER CHRONOGRAPH BLACK DIAL BLUE SILICONE BAND WATCH 17810,IN-17810,No Variants,886678220182
INVICTA MEN'S PRO DIVER CHRONOGRAPH GOLD DIAL BLACK SILICONE BAND WATCH 17811,IN-17811,No Variants,886678220199
INVICTA MEN'S PRO DIVER CHRONOGRAPH GOLD TEXTURED DIAL STAILESS STEEL WATCH 12371,IN-12371,No Variants,886678123711
INVICTA MEN'S PRO DIVER CHRONOGRAPH ROSE TEXTURED DIAL STAILESS STEEL WATCH 12372,IN-12372,No Variants,886678123728
INVICTA MEN'S PRO DIVER CHRONOGRAPH SILVER DIAL BLUE SILICONE BAND WATCH 17809,IN-17809,No Variants,870290482134
INVICTA MEN'S S1 RALLY BLUE DIAL BLACK SILICONE BAND STAINLESS STEEL CASE CHRONOGRAPH WATCH 17390,IN-17390,No Variants,886678212323
INVICTA MEN'S S1 RALLY ROSE GOLD DIAL BLACK SILICONE BAND STAINLESS STEEL CASE CHRONOGRAPH WATCH 17393,IN-17393,No Variants,886678212354
INVICTA Pro Diver XL Chronograph Black and White Dial Silicone Strap Men's Watch,IN-14972,No Variants,886678182589
INVICTA Pro Diver XL Chronograph Gold and Silver Dial Silicone Strap Men's Watch,IN-14975,No Variants,886678182619
ISW CHRONOGRAPH STAINLESS STEEL WATCH ISW-1002-02,ISW-1002-02,No Variants,638353705824
ISW CHRONOGRAPH STAINLESS STEEL WATCH ISW-1002-03,ISW-1002-03,No Variants,638353705831
ISW CHRONOGRAPH STAINLESS STEEL WATCH ISW-1002-04,ISW-1002-04,No Variants,638353705848
ISW CHRONOGRAPH STAINLESS STEEL WATCH ISW-1002-05,ISW-1002-05,No Variants,638353705855
ISW MEN'S CHRONOGRAPH STAINLESS STEEL WATCH ISW-1001-01,ISW-1001-01,No Variants,638353705695
ISW MEN'S CHRONOGRAPH STAINLESS STEEL WATCH ISW-1001-02,ISW-1001-02,No Variants,638353705701
ISW MEN'S CHRONOGRAPH STAINLESS STEEL WATCH ISW-1001-03,ISW-1001-03,No Variants,638353705718
ISW MEN'S CHRONOGRAPH STAINLESS STEEL WATCH ISW-1001-04,ISW-1001-04,No Variants,638353705725
ISW MEN'S CHRONOGRAPH STAINLESS STEEL WATCH ISW-1001-05,ISW-1001-05,No Variants,638353705732
ISW MEN'S CHRONOGRAPH STAINLESS STEEL WATCH ISW-1001-06,ISW-1001-06,No Variants,638353705749
ISW MEN'S CHRONOGRAPH STAINLESS STEEL WATCH ISW-1001-07,ISW-1001-07,No Variants,638353705756
ISW MEN'S CHRONOGRAPH STAINLESS STEEL WATCH ISW-1001-08,ISW-1001-08,No Variants,638353705763
ISW MEN'S CHRONOGRAPH STAINLESS STEEL WATCH ISW-1001-09,ISW-1001-09,No Variants,638353705770
ISW MEN'S CHRONOGRAPH STAINLESS STEEL WATCH ISW-1001-10,ISW-1001-10,No Variants,638353705787
ISW MEN'S CHRONOGRAPH STAINLESS STEEL WATCH ISW-1001-11,ISW-1001-11,No Variants,638353705794
ISW MEN'S CHRONOGRAPH STAINLESS STEEL WATCH ISW-1001-12,ISW-1001-12,No Variants,638353705800
ISW MEN'S CHRONOGRAPH STAINLESS STEEL WATCH ISW-1001-13,ISW-1001-13,No Variants,638353705817
ISW MEN'S CHRONOGRAPH STAINLESS STEEL WATCH ISW-1003-01,ISW-1003-01,No Variants,638353705862
ISW MEN'S CHRONOGRAPH STAINLESS STEEL WATCH ISW-1003-02,ISW-1003-02,No Variants,638353705879
ISW MEN'S CHRONOGRAPH STAINLESS STEEL WATCH ISW-1003-03,ISW-1003-03,No Variants,638353705886
ISW MEN'S CHRONOGRAPH STAINLESS STEEL WATCH ISW-1003-04,ISW-1003-04,No Variants,638353705893
ISW MEN'S CHRONOGRAPH STAINLESS STEEL WATCH ISW-1004-01,ISW-1004-01,No Variants,638353705909
ISW MEN'S CHRONOGRAPH STAINLESS STEEL WATCH ISW-1004-02,ISW-1004-02,No Variants,638353705916
ISW MEN'S CHRONOGRAPH STAINLESS STEEL WATCH ISW-1004-03,ISW-1004-03,No Variants,638353705923
ISW MEN'S CHRONOGRAPH STAINLESS STEEL WATCH ISW-1004-04,ISW-1004-04,No Variants,638353705930
ISW MEN'S CHRONOGRAPH STAINLESS STEEL WATCH ISW-1005-01,ISW-1005-01,No Variants,638353705947
ISW MEN'S CHRONOGRAPH STAINLESS STEEL WATCH ISW-1005-02,ISW-1005-02,No Variants,638353705954
ISW MEN'S CHRONOGRAPH STAINLESS STEEL WATCH ISW-1005-03,ISW-1005-03,No Variants,638353705961
ISW MEN'S CHRONOGRAPH STAINLESS STEEL WATCH ISW-1006-01,ISW-1006-01,No Variants,638353705978
ISW MEN'S CHRONOGRAPH STAINLESS STEEL WATCH ISW-1006-02,ISW-1006-02,No Variants,638353705985
ISW MEN'S CHRONOGRAPH STAINLESS STEEL WATCH ISW-1009-01,ISW-1009-01,No Variants,638353706104
ISW WOMEN'S CHRONOGRAPH STAINLESS STEEL WATCH ISW-1007-01,ISW-1007-01,No Variants,638353705992
ISW WOMEN'S CHRONOGRAPH STAINLESS STEEL WATCH ISW-1007-02,ISW-1007-02,No Variants,638353706005
ISW WOMEN'S CHRONOGRAPH STAINLESS STEEL WATCH ISW-1007-03,ISW-1007-03,No Variants,638353706012
ISW WOMEN'S CHRONOGRAPH STAINLESS STEEL WATCH ISW-1007-04,ISW-1007-04,No Variants,638353706029
ISW WOMEN'S QUARTZ STAINLESS STEEL WATCH ISW-1008-02,ISW-1008-02,No Variants,638353706036
ISW WOMEN'S QUARTZ STAINLESS STEEL WATCH ISW-1008-05,ISW-1008-05,No Variants,638353706128
ISW WOMEN'S QUARTZ STAINLESS STEEL WATCH ISW-1008-07,ISW-1008-07,No Variants,638353706043
ISW WOMEN'S QUARTZ STAINLESS STEEL WATCH ISW-1008-10,ISW-1008-10,No Variants,638353706050
ISW WOMEN'S QUARTZ STAINLESS STEEL WATCH ISW-1008-12,ISW-1008-12,No Variants,638353706067
ISW WOMEN'S QUARTZ STAINLESS STEEL WATCH ISW-1008-14,ISW-1008-14,No Variants,638353706081
ISW WOMEN'S QUARTZ STAINLESS STEEL WATCH ISW-1008-15,ISW-1008-15,No Variants,638353706098
Locman 1970 Men's Yellow Dial Chronograph Watch,LO-1970YLQ,No Variants,638353708528
Locman Cavallo Pazzo Diamond Black Dial Red Leather Watch,LO-161GRAYDC,No Variants,638353708696
Locman Cavallo Pazzo Diamond Mother of Pearl Blue Dial Silver Band Watch,LO-161BGRAYDC,No Variants,638353708665
Locman Cavallo Pazzo Diamond Pink Mother of Pearl Dial Watch,LO-161BMOPPKDC,No Variants,638353708672
Locman Cavallo Pazzo Mother of Pearl Dial and Black Leather Band Watch,LO-161MOPSK-skks,No Variants,638353708221
Locman Designer Men's Watch Mare Titanium Black Chronograph Dive Watch,LO-134CRBWH,No Variants,638353708603
Locman Diamond Tonneau Mother of Pearl Dial Black Leather Strap Ladies Watch,LO-488AG2D-BKLEAL,No Variants,638353708283
Locman Glamour Otto Women's Quartz Watch,LO-232GRAY-rdstg,No Variants,638353708047
Locman Italy 1970 Collection Mens Automatic Watch,LO-1971YL2AD,No Variants,638353708382
Locman Italy Latin Lover Watch Red Leather Steel Case,LO-502AG-rdos,No Variants,638353707835
Locman Italy Plus Ladies Red Karung Snake Strap Watch,LO-181MOPWH-rdks,No Variants,638353708306
Locman Italy Plus Women's Black Leather Watch,LO-181BK-bkks,No Variants,638353707965
Locman Italy Plus Women's Karung Snake Strap Watch,LO-181MOPPK-pkks,No Variants,638353707774
Locman Italy Plus Women's Pink Kingfish Leather Watch,LO-180MOPPK-pkkf,No Variants,638353707910
Locman Italy Women's Sky Blue Karung Snake Watch,LO-180MOPSK-SKKS,No Variants,638353707880
Locman Ladies silver Stainless Steel watch,LO-151BBKD,No Variants,638353708641
Locman Men's Blue Face Mare Collection Titanium Watch,LO-136BL,No Variants,638353708610
Locman Men's Mare Collection Titanium Blue Watch,LO-133BCRBBLBL,No Variants,638353708597
Locman Men's Watch 232BKDC/BK STG,LO-232BKDC-BKSTG,No Variants,638353706845
Locman Men's Watch 232BRD/BR SA,LO-232BRD-BRSA,No Variants,638353706968
Locman Men's Watch 240BK2BK/BKRU,LO-240BK2BK-BKRU,No Variants,638353706739
Locman Men's Watch 240BKRD1BK,LO-240BKRD1BK,No Variants,638353706753
Locman Men's Watch 240BKRD1RD,LO-240BKRD1RD,No Variants,638353706784
Locman Men's Watch 240BKYL1BK,LO-240BKYL1BK,No Variants,638353706746
Locman Men's Watch 240BKYL1YL,LO-240BKYL1YL,No Variants,638353706777
Locman Men's Watches Latin Lover Silver Dial Black Reptile Band Automatic Watch,LO-501AG,No Variants,638353708290
Locman Mens Latin Lover Watch Black,LO-503BKGNDN-bksa,No Variants,638353707934
Locman Mens Stainless Steel Black Dial Automatic Watch,LO-150BBKGN,No Variants,638353708634
Locman Nuovo Carbonio Automatic Red Dial Red Cordura Fabric Men's Watch,LO-103RDCRBQ,No Variants,638353707859
Locman Nuovo Carbonio Automatic Red Dial Red Cordura Fabric Men's Watch,LO-101RDCRBQ,No Variants,638353707996
Locman Nuovo Carbonio Black Dial Black Cordura Fabric Men's Watch,LO-100BKCRBQ-or,No Variants,638353708412
Locman Nuovo Carbonio Quartz Men's Watch 100BKCRBQBL,LO-100BKCRBQ-BL,No Variants,638353706791
Locman Nuovo Women's Automatic Watch 015BK2,LO-015BK2D,No Variants,638353706708
Locman Panorama Automatic Date Watch,LO-150BKGN,No Variants,638353708313
Locman Panorama Men's Watch Black Ostrich Band Automatic Date Watch,LO-151BKD,No Variants,638353708030
Locman Sport Rubber Stealth Men's Quartz Watch,LO-202CRBSKBK,No Variants,638353708184
Locman Sport Stealth Men's Quartz Watch,LO-202CRBYLBK,No Variants,638353708511
Locman Sport Stealth Men's Watch,LO-209BKPVBRORBRL,No Variants,638353708467
Locman Stainless Steel and Titanium Men's Watch,LO-201CRBSKBK,No Variants,638353708238
Locman Stealth Mens Automatic LO-205BWH,LO-205BWH,No Variants,638353707897
Locman Stealth R White Dial Black Rubber Men's Watch,LO-240WH2BK-bkru,No Variants,638353708702
Locman Stealth R white Dial Red Rubber Men's Watch,LO-241MOPBK2RD-rdru,No Variants,638353707941
Locman Titanio Tonneau Chronograph Black Carbon Fiber Dial Red Leather Strap Men's Watch,LO-484CRBRD-rdta,No Variants,638353707873
Locman Titanio Tonneau Chronograph Black Tecnoraso Strap Men's Watch,LO-484CRBSK-BK,No Variants,638353708276
Locman Women Watch 232MOPWH/BK STG,LO-232MOPWH-BKSTG,No Variants,638353707071
Locman Womens Tuttutondo Black Watch,LO-341BKMULBK,No Variants,638353708009
Locman Womens Tuttutondo yellow Watch,LO-341BKMULYL,No Variants,638353708429
LUMINOX A.5027 MEN'S QUARTZ WATCH,LU-A.5027,No Variants,713717749574
Luminox Men's A.5021.GN PC Carbon GMT Analog Display Analog Quartz Black Watch yellow hands,LU-A.5021,No Variants,713717748980
Luminox Men's A.5023 Carbon GMT Analog Display Analog Quartz Black Watch,LU-A.5023,No Variants,713717748997
Luminox Men's A.5127 SXC PC Carbon GMT Analog Display Analog Quartz Black Watch,LU-A.5127,No Variants,713717749000
Michele CSX Chronograph Quartz Women's Watch Model MWW03S000001,MI-MWW03S000001,No Variants,713717749024
Michele Extreme Butterfly Ultimate Pave Diamond Women's Watch MWW04B000022,MI-MWW04B000022,No Variants,713717749031
"Michele Ultimate PavÌ© Diamond, Taper Diamond Bracelet Watch  MWW03C000504",MI-MWW03C000504,No Variants,0
MULCO BLUE MARINE CHRONOGRAPH BLACK DIAL BLACK RUBBER LADIES WATCH MW1-29902-025,MU-MW1-29902-025,No Variants,818958010893
MULCO BLUE MARINE CHRONOGRAPH BROWN DIAL BROWN RUBBER LADIES WATCH MW1-29902-035,MU-MW1-29902-035,No Variants,818958010916
MULCO BLUE MARINE GREY MOTHER OF PEARL DIAL CHRONOGRAPH BLACK RUBBER LADIES WATCH MW1-29903-022,MU-MW1-29903-022,No Variants,818958010954
MULCO BLUE MARINE MOTHER OF PEARL CHRONOGRAPH DIAL BLACK RUBBER LADIES WATCH MW1-29902-021,MU-MW1-29902-021,No Variants,818958010886
MULCO Blue Marine Mother of Pearl Dial Black Silicone Ladies Watch MW3-70604-021,MU-MW3-70604-021,No Variants,818958014815
MULCO BLUE MARINE MOTHER OF PEARL DIAL CHONOGRAPH BLACK RUBBER LADIES WATCH MW1-29903-021,MU-MW1-29903-021,No Variants,818958010947
MULCO BLUE MARINE MOTHER OF PEARL DIAL CHONOGRAPH WHITE RUBBER LADIES WATCH MW1-29903-012,MU-MW1-29903-012,No Variants,818958010923
MULCO BLUE MARINE MOTHER OF PEARL DIAL CHRONOGRAPH BROWN RUBBER LADIES WATCH MW1-29903-031,MU-MW1-29903-031,No Variants,818958010961
MULCO BLUE MARINE MOTHER OF PEARL DIAL CHRONOGRAPH LIGHT BLUE RUBBER LADIES WATCH MW1-29903-043,MU-MW1-29903-043,No Variants,818958010978
MULCO Blue Marine Mother of Pearl Dial Pink Silicone Watch MW3-70604-088,MU-MW3-70604-088,No Variants,818958014839
MULCO BLUE MARINE MOTHER OF PEARL DIAL WHITE RUBBER LADIES WATCH MW1-29902-012,MU-MW1-29902-012,No Variants,818958010862
MULCO Blue Marine Pink Mother of Pearl Dial Silicone Ladies Watch MW3-70604-018,MU-MW3-70604-018,No Variants,818958014808
MULCO Blue Marine Purple Mother of Pearl Dial Silicone band Ladies Watch MW3-70604-015,MU-MW3-70604-015,No Variants,818958014792
MULCO Blue Marine Purple Mother of Pearl Dial Silicone Ladies Watch MW3-70604-055,MU-MW3-70604-055,No Variants,818958014822
MULCO Blue Marine White Dial White Silicone Ladies Watch MW3-70604-011,MU-MW3-70604-011,No Variants,818958014761
MULCO Ferro Mirror White Dial Chronograph Gold Tone Stainless Steel Unisex Watch MW4-90147-331,MU-MW4-90147-331,No Variants,818958014983
MULCO FONDO WHEEL CHRONOGRAPH BLACK DIAL BROWN RUBBER STRAPS MENS WATCH MW1-74197-035,MU-MW1-74197-035,No Variants,818958011197
MULCO FONDO WHEEL CHRONOGRAPH BLACK DIAL ORANGE RUBBER STRAPS MENS WATCH MW1-74197-065,MU-MW1-74197-065,No Variants,818958011203
MULCO FONDO WHEEL CHRONOGRAPH BLACK DIAL ORANGE RUBBER STRAPS MENS WATCH MW1-74197-615,MU-MW1-74197-615,No Variants,818958011258
MULCO FONDO WHEEL CHRONOGRAPH BLACK DIAL PURPLE RUBBER STRAPS MENS WATCH MW1-74197-044,MU-MW1-74197-044,No Variants,818958011210
MULCO FONDO WHEEL CHRONOGRAPH BLUE DIAL WHITE RUBBER STRAPS MENS WATCH MW1-74197-014,MU-MW1-74197-014,No Variants,818958011234
MULCO FONDO WHEEL CHRONOGRAPH WHITE DIAL BLACK RUBBER STRAPS MENS WATCH MW1-74197-021,MU-MW1-74197-021,No Variants,818958011241
MULCO FONDO WHEEL CHRONOGRAPH WHITE DIAL LIGHT BLUE RUBBER STRAPS MENS WATCH MW1-74197-413,MU-MW1-74197-413,No Variants,818958011227
MULCO FONDO WHEEL CHRONOGRAPH WHITE DIAL PINK RUBBER STRAPS UNISEX WATCH MW1-74197-813,MU-MW1-74197-813,No Variants,818958011265
MULCO Ilusion Grey and Green Dial Chronograph Rubber Unisex Watch MW3-11009-025,MU-MW3-11009-025,No Variants,818958014150
MULCO Ilusion White and pink Dial Chronograph Rubber Unisex Watch MW3-11009-083,MU-MW3-11009-083,No Variants,818958014198
MULCO MEN'S TITAN WAVE BLACK DIAL ORANGE BESEL WATCH MW5-1836-615,MU-MW5-1836-615,No Variants,818958016482
MULCO NUIT MIA MULTI FUNCTION BLACK DIAL BLUE SILICONE LADIES WATCH MW5-1962-445,MU-MW5-1962-445,No Variants,818958016543
MULCO Nuit Mia Multi-Function Black Dial Black Silicone Analog Display Swiss Quartz Black Ladies Watch MW5-1962-260,mu-mw5-1962-260,No Variants,818958016567
MULCO Nuit Mia Multi-Function Black Dial Black Silicone Unisex Watch MW5-1962-261,MU-MW5-1962-261,No Variants,818958016574
MULCO Nuit Mia Multi-Function Black Dial Brown Silicone band Unisex Watch MW5-1962-035,MU-MW5-1962-035,No Variants,818958016550
MULCO Nuit Mia Multi-Function Black Dial Light Green Silicone Band Unisex Watch MW5-1962-443,MU-MW5-1962-443,No Variants,818958016536
MULCO Nuit Mia Multi-Function Black Dial Pink Silicone Band Womans Watch MW5-1962-058,MU-MW5-1962-058,No Variants,818958016529
MULCO Nuit Mia Multi-Function Black Dial Purple Silicone band Womans Watch MW5-1962-087,MU-MW5-1962-087,No Variants,818958016512
MULCO Nuit Mia Multi-Function Blue Dial Blue Silicone band Unisex Watch MW5-1962-045,MU-MW5-1962-045,No Variants,818958016581
MULCO Nuit White Dial White Silicone Unisex Watch MW5-1962-018,MU-MW5-1962-018,No Variants,818958016505
MULCO Prix Black Dial Chronograph Black Silicone Men's Watch MW2-6313-025,MU-MW2-6313-025,No Variants,818958012545
MULCO Prix Black Dial Chronograph Orange Silicone Men's Watch MW2-6313-085,MU-MW2-6313-085,No Variants,818958012576
MULCO Prix Black Dial Chronograph Red Silicone Men's Watch MW2-6313-065,MU-MW2-6313-065,No Variants,818958012569
MULCO Prix Black Dial Chronograph Yellow Silicone Men's Watch MW2-6313-095,MU-MW2-6313-095,No Variants,818958012583
MULCO Prix White Dial Chronograph Black Silicone Men's Watch MW2-6313-021,MU-MW2-6313-021,No Variants,818958012538
MULCO Prix White Dial Chronograph Blue Silicone Men's Watch MW2-6313-041,MU-MW2-6313-041,No Variants,818958012552
MULCO Titans Wave Chronograph Black and Beige Dial Black Silicone Unisex Watch MW5-1836-115,MU-MW5-1836-115,No Variants,818958016451
MULCO Titans Wave Chronograph Black and White Dial Unisex Watch MW5-1836-026,MU-MW5-1836-026,No Variants,818958016499
MULCO Titans Wave Chronograph Black Dial Black Silicone Unisex Watch MW5-1836-065,MU-MW5-1836-065,No Variants,818958016475
MULCO Titans Wave Chronograph Blue and Beige Dial Unisex Watch MW5-1836-114,MU-MW5-1836-114,No Variants,818958016468
MULCO Titans Wave Chronograph Blue Dial Unisex Watch MW5-1836-433,MU-MW5-1836-433,No Variants,818958016413
MULCO Titans Wave Chronograph BPurple and Pink Dial Womans Watch MW5-1836-051,MU-MW5-1836-051,No Variants,818958016437
MULCO Titans Wave Chronograph Pink and White Dial Woman Watch MU-MW5-1836-083,MU-MW5-1836-083,No Variants,818958016406
New Ladies Exotic Locman Red Plus Cross Unique Case Roman Numerics Watch,LO-181MOPWH-rdkf,No Variants,638353708177
NUOVO CARBONIO Chrono Quartz Men's,LO-100RDCRBQ,No Variants,638353706371
NUOVO CARBONIO Quartz Men's 101BKCRBQ-BK,LO-101BKCRBQ-BK,No Variants,638353706401
PULSAR Black Digital Dial Black Rubber Men's Watch PW3003,PU-PW3003,No Variants,713717749581
PULSAR Mother of Pearl Dial Stainless Steel Ladies Watch PM2055,PU-PM2055,No Variants,37738142894
Ruki Three Hand Stainless Steel Gold Watch DZ5485,DZ-DZ5485,No Variants,698615109531
SEIKO GREY DIAL TWO-TONE MEN'S WATCH SGEG90,SE-SGEG90,No Variants,713717749598
SEIKO WOMEN'S WATCH SUP185,SE-SUP185,No Variants,29665164353
SKAGEN 233XSCLB CERAMIC WATCH,SK-233XSCLB,No Variants,768680159905
Skagen Ancher Stainless Steel Link Easy Reader Blue Dial Men's Watch SK-SKW6201,SK-SKW6201,No Variants,4053858520707
SKAGEN Black Ceramic Swarovski Crystal Ladies Watch 817SBXBC,SK-817SBXBC,No Variants,768680133455
SKAGEN Black Dial Swarovski Crystal Black Ceramic Ladies Watch 914SBXC,SK-914SBXC,No Variants,76860140286
SKAGEN Brown Dial Gold-tone Ladies Watch SKW2108,SK-SKW2108,No Variants,768680189919
SKAGEN HAGEN BLUE DIAL & SILVER STEEL MESH STRAP MEN'S WATCH SK-SKW6230,SK-SKW6230,No Variants,768680230284
SKAGEN Holst Silver Dial Brown Leather Ladies Watch SK-SKW6225,SK-SKW6225,No Variants,768680230307
Skagen Mens Croc Embossed black leather strap watch PRSK1033,SK-PRSK1033,No Variants,768680136289
Skagen Mens Grenen black dial black leather strap watch PRSK1032,SK-PRSK1032,No Variants,713717749604
SKAGEN Mother of Pearl Dial Brown Leather Ladies Watch 452LGLD,SK-452LGLD,No Variants,768680102529
SKAGEN Slagen Black Dial Multifunction Black Ceramic Men's Watch 817SXBC1,SK-817SXBC1,No Variants,768680133608
SKAGEN Ultra Slim Chrome Dial Swarovski Crystal Ladies Watch PRSK1038,SK-PRSK1038,No Variants,768680109795
SKAGEN White Ceramic Multifunction Ladies Watch 817SXWC1,SK-817SXWC1,No Variants,768680133615
SWISS ARMY Victorinox Swiss Army Peak Li Dial White Stainless Steel Mens Watch 241278.CB,SW-241278.CB,No Variants,713717749611
TECHNOMARINE BLACK DIAL DIAMOND BEZEL BLACK CERAMIC LADIES WATCH 110027C,TE-110027C,No Variants,7640133232850
TECHNOMARINE CHRONOGRAPH BLACK DIAL BLACK CERAMIC UNISEX WATCH 110032C,TE-110032C,No Variants,7640133232904
ECHNOMARINE CRUISE BLACK DIAL DIAMOND BEZEL BLACK CERAMIC LADIES WATCH 111054 CERAMIC WATCH,TE-111054,No Variants,7640133233543
TECHNOMARINE CRUISE BLACK DIAL DIAMOND BEZEL BLACK SILICONE WOMANS WATCH 110027,TE-110027,No Variants,7640133232218
TECHNOMARINE CRUISE CERAMIC BLACK DIAL UNISEX WATCH 110026C,TE-110026C,No Variants,638353707224
TECHNOMARINE CRUISE CERAMIC CHRONOGRAPH WHITE DIAL UNISEX WATCH 110030C,TE-110030C,No Variants,7640133232881
TECHNOMARINE CRUISE CERAMIC CRONOGRAPH BLACK DIAL LADIES WATCH 110028C,TE-110028C,No Variants,7640133232867
TECHNOMARINE CRUISE CERAMIC WHITE DIAL CHRONOGRAPH UNISEX WATCH 110031,TE-110031,No Variants,7640133232256
TECHNOMARINE CRUISE CHRONOGRAPH BLACK DIAL DIAMOND BEZEL BLACK CERAMIC WATCH 110029C,TE-110029C,No Variants,7640133232874
TECHNOMARINE CRUISE CHRONOGRAPH RED DIAL WHITE CERAMIC LADIES SPORT WATCH 110078,TE-110078,No Variants,7640133232799
TECHNOMARINE CRUISE CHRONOGRAPH WHITE DIAL DIAMOND WHITE CERAMIC LADIES WATCH 110033C,TE-110033C,No Variants,7640133232911
TECHNOMARINE CRUISE CRONOGRAPH WHITE DIAMOND DIAL WHITE CERAMIC WATCH 110031C,TE-110031C,No Variants,7640133232898
TECHNOMARINE Cruise Green Dial Ladies Ceramic Watch 110076,TE-110076,No Variants,7640133232775
TECHNOMARINE CRUISE WHITE DIAL DIAMOND BEZEL WHITE CERAMIC LADIES WATCH 111053,TE-111053,No Variants,7640133233536
TECHNOMARINE CRUISE WOMANS CERAMIC WHITE DIAMOND DIAL WATCH 110023C,TE-110023C,No Variants,7640133232836
TOYWATCH JELLY BLACK WATCH JY02BK UNISEX WATCH,TO-JY02BK,No Variants,8033501914301
TOYWATCH JELLY GREEN WATCH JY05GR UNISEX WATCH,TO-JY05GR,No Variants,8033501914332
TOYWATCH JELLY NAVY WATCH JY19DB UNISEX WATCH,TO-JY19DB,No Variants,8033501914738
TOYWATCH JELLY ORANGE WATCH JY03OR UNISEX WATCH,TO-JY03OR,No Variants,8033501914318
TOYWATCH JELLY PINK WATCH JY04PS UNISEX WATCH,TO-JY04PS,No Variants,8033501914325
TOYWATCH JELLY WHITE WATCH JY01WH UNISEX WATCH,TO-JY01WH,No Variants,8033501914295
TOYWATCH SATORIAL BLACK VELVET TOUCH PE01BK WOMEN WATCH,TO-PE01BK,No Variants,8033501917456
TOYWATCH SATORIAL PINK VELVET TOUCH PE03PS WOMEN WATCH,TO-PE03PS,No Variants,8033501917470
WENGER 77011 MEN WATCH,WE-77011,No Variants,713717749628
WENGER Mens Battalion Field Chrono Red and Black Rubber Strap Watch 70789,WE-70789,No Variants,713717749635
WENGER Wenger AeroGraph Cockpit Mens Watch 72422,WE-72422,No Variants,29621724225
WENGER Wenger Men's Swiss Made Battalion Field Chronograph Watch 70791,WE-70791,No Variants,713717749659
Women's Locman Titanio Case Blue Leather Silver Tone Date Watch,LO-483MOPSK-skos,No Variants,638353707958
Women's Locman Titanium Case Light Blue Leather Silver Tone Date Watch,LO-483MOPSK-skks,No Variants,638353707866
Women'sLocman Donna Quartz Black Dial Interchangeable Leather Straps,LO-410BKFX,No Variants,638353707712
ZODIAC OCEANAIRE AUTOMATIC ZO8012 MEN WATCH,ZO-ZO8012,No Variants,821388025375
ZODIAC OCEANAIRE AUTOMATIC ZO8013 MEN WATCH,ZO-ZO8013,No Variants,821388025382
ZODIAC OCEANAIRE AUTOMATIC ZO8014 MEN WATCH,ZO-ZO8014,No Variants,821388025399
ZODIAC OCEANAIRE AUTOMATIC ZO8015-0283 MEN WATCH,ZO-ZO8015,No Variants,821388025405
ZODIAC OCEANAIRE AUTOMATIC ZO8016 MEN WATCH,ZO-ZO8016,No Variants,821388025412
ZODIAC ZO8540 SWISS RACER CHRONOGRAPH,ZO-ZO8540,No Variants,821388024354
HUSH PUPPIES MEN'S WATCH HP.7047M.1522,HU-7047M.1522,No Variants,471187144617
MULCO UNISEX NUIT WATCH MW3-11009-053,MU-MW3-11009-053,No Variants,818958014181
ESQ MOVADO WOMEN'S GOLD PLATED STEEL CASE BRACLET WHITE DIAMOND ACCENTS MOTHER OF PEARL DIAL WATCH 07101415,ES-07101415,No Variants,885997091169
INVICTA MEN'S PRO DIVER CHRONOGRAPH BLACK DIAL BLACK SILICONE BAND WATCH 17812,IN-17812,No Variants,870290482240
